site;site_code;sector_area;level_unit;sublevel_phase;cultural_attribution;cultural_attribution_confidence;sample_id;lab_code;method;pretreatment;sample_type;taxon_material;age_result;error_1sigma;age_scale_original;curve;reference;year_sample_or_measure;relation_to_human_presence;context_role;evaluation_final;same_sample_group;bin_id;use_14c_primary;use_mixed_all_methods;use_human_presence;use_cultural_subset;selection_note
Abric Romaní;AR;R48/AR4;Carbonate above A;AR4 / above A;;;90-25;90-25;U-Series;;travertine;travertine carbonate;43000;800;BP;;Bischoff et al. 1994;;stratigraphic_bracket;upper_bracket;doubtful;;AR_AR4_aboveA;no;yes;no;no;"AR4 alpha-spectrometry determination retained for traceability; detrital-Th caution and strong package averaging advise conservative use."
Abric Romaní;AR;R48/AR4;Carbonate above A;AR4 / above A;;;90-35;90-35;U-Series;;travertine;travertine carbonate;45900;1300;BP;;Bischoff et al. 1994;;stratigraphic_bracket;upper_bracket;doubtful;;AR_AR4_aboveA;no;yes;no;no;"AR4 alpha-spectrometry determination retained for traceability; detrital-Th caution and strong package averaging advise conservative use."
Abric Romaní;AR;R48/AR4;Carbonate above A;AR4 / above A;;;90-49;90-49;U-Series;;travertine;travertine carbonate;45700;1300;BP;;Bischoff et al. 1994;;stratigraphic_bracket;upper_bracket;doubtful;;AR_AR4_aboveA;no;yes;no;no;"AR4 alpha-spectrometry determination retained for traceability; detrital-Th caution and strong package averaging advise conservative use."
Abric Romaní;AR;R48/AR4;Carbonate above A;AR4 / above A;;;90-106;90-106;U-Series;;travertine;travertine carbonate;43100;1200;BP;;Bischoff et al. 1994;;stratigraphic_bracket;upper_bracket;doubtful;;AR_AR4_aboveA;no;yes;no;no;"AR4 alpha-spectrometry determination retained for traceability; detrital-Th caution and strong package averaging advise conservative use."
Abric Romaní;AR;R48/AR4;Carbonate above A;AR4 / above A;;;NA#5;NA#5;U-Series;;travertine;travertine carbonate;42100;300;BP;;Bischoff et al. 1994;;stratigraphic_bracket;upper_bracket;include;;AR_AR4_aboveA;no;yes;no;no;"TIMS AR4 determination retained as usable upper bracket; package should be binned/averaged analytically."
Abric Romaní;AR;R48/AR4;Carbonate above A;AR4 / above A;;;NA#6;NA#6;U-Series;;travertine;travertine carbonate;42600;300;BP;;Bischoff et al. 1994;;stratigraphic_bracket;upper_bracket;include;;AR_AR4_aboveA;no;yes;no;no;"TIMS AR4 determination retained as usable upper bracket; package should be binned/averaged analytically."
Abric Romaní;AR;R48/AR4;Carbonate above A;AR4 / above A;;;NA#7;NA#7;U-Series;;travertine;travertine carbonate;42600;400;BP;;Bischoff et al. 1994;;stratigraphic_bracket;upper_bracket;include;;AR_AR4_aboveA;no;yes;no;no;"TIMS AR4 determination retained as usable upper bracket; package should be binned/averaged analytically."
Abric Romaní;AR;R48/AR4;Carbonate above A;AR4 / above A;;;NA#8;NA#8;U-Series;;travertine;travertine carbonate;41000;300;BP;;Bischoff et al. 1994;;stratigraphic_bracket;upper_bracket;include;;AR_AR4_aboveA;no;yes;no;no;"TIMS AR4 determination retained as usable upper bracket; package should be binned/averaged analytically."
Abric Romaní;AR;R48/AR4;Carbonate above A;AR4 / above A;;;NA#9;NA#9;U-Series;;travertine;travertine carbonate;42300;300;BP;;Bischoff et al. 1994;;stratigraphic_bracket;upper_bracket;include;;AR_AR4_aboveA;no;yes;no;no;"TIMS AR4 determination retained as usable upper bracket; package should be binned/averaged analytically."
Abric Romaní;AR;R48/AR4;Carbonate above A;AR4 / above A;;;NA#10;NA#10;U-Series;;travertine;travertine carbonate;41300;400;BP;;Bischoff et al. 1994;;stratigraphic_bracket;upper_bracket;include;;AR_AR4_aboveA;no;yes;no;no;"TIMS AR4 determination retained as usable upper bracket; package should be binned/averaged analytically."
Abric Romaní;AR;R48/AR4;Carbonate above A;AR4 / above A;;;NA#11;NA#11;U-Series;;travertine;travertine carbonate;40700;600;BP;;Bischoff et al. 1994;;stratigraphic_bracket;upper_bracket;include;;AR_AR4_aboveA;no;yes;no;no;"TIMS AR4 determination retained as usable upper bracket; package should be binned/averaged analytically."
Abric Romaní;AR;R48/AR4;Carbonate above A;AR4 / above A;;;AR4-travertine;USGS-2839;14C;;travertine;travertine carbonate;36300;1300;14C_BP;IntCal20;Camps & Higham 2012;;stratigraphic_bracket;upper_bracket;doubtful;;AR_AR4_aboveA;no;yes;no;no;"Usable upper bracket for A package but problematic travertine 14C; retained outside cultural/human subsets."
Abric Romaní;AR;;A;Level A;Protoaurignacian;medium;UA3;UA3;14C;;charcoal;;37200;900;14C_BP;IntCal20;Camps & Higham 2012;;indirect_contextual;dates_archaeological_unit;include;;AR_A;yes;yes;yes;yes;"Accepted Level A determination; retained for A/Protoaurignacian context and suitable for binned 14C analyses."
Abric Romaní;AR;;A;Level A;Protoaurignacian;medium;UA2;UA2;14C;;charcoal;;35400;800;14C_BP;IntCal20;Camps & Higham 2012;;indirect_contextual;dates_archaeological_unit;doubtful;;AR_A;yes;yes;yes;yes;"Level A determination retained in master base but omitted from consolidated core; usable with caution and binning within A."
Abric Romaní;AR;AR2;A;Level A;Protoaurignacian;medium;AA-8037A;AA-8037A;14C;;charcoal;;35400;810;14C_BP;IntCal20;Camps & Higham 2012;;indirect_contextual;dates_archaeological_unit;doubtful;AR_AA8037;AR_A;yes;yes;yes;yes;"Level A determination retained in master base but omitted from consolidated core; usable with caution and binning within A."
Abric Romaní;AR;AR2;A;Level A;Protoaurignacian;medium;AA-8037B;AA-8037B;14C;;charcoal;;37900;1000;14C_BP;IntCal20;Camps & Higham 2012;;indirect_contextual;dates_archaeological_unit;include;AR_AA8037;AR_A;yes;yes;yes;yes;"Accepted Level A determination; retained for A/Protoaurignacian context and suitable for binned 14C analyses."
Abric Romaní;AR;;A;Level A;Protoaurignacian;medium;NZA-2311;NZA-2311;14C;;charcoal;;36590;640;14C_BP;IntCal20;Camps & Higham 2012;;indirect_contextual;dates_archaeological_unit;include;;AR_A;yes;yes;yes;yes;"Accepted Level A determination; retained for A/Protoaurignacian context and suitable for binned 14C analyses."
Abric Romaní;AR;;A;Level A;Protoaurignacian;medium;AA-7395;AA-7395;14C;;charcoal;;37290;990;14C_BP;IntCal20;Camps & Higham 2012;;indirect_contextual;dates_archaeological_unit;include;;AR_A;yes;yes;yes;yes;"Accepted Level A determination; retained for A/Protoaurignacian context and suitable for binned 14C analyses."
Abric Romaní;AR;;A;Level A;Protoaurignacian;medium;AA-6608;AA-6608;14C;;charcoal;;36740;920;14C_BP;IntCal20;Camps & Higham 2012;;indirect_contextual;dates_archaeological_unit;include;;AR_A;yes;yes;yes;yes;"Accepted Level A determination; retained for A/Protoaurignacian context and suitable for binned 14C analyses."
Abric Romaní;AR;Hedges section;A;Level A;Protoaurignacian;medium;AR98;OxA-11967;14C;;tooth;Equus sp.;35900;600;14C_BP;IntCal20;Camps & Higham 2012;;indirect_contextual;dates_archaeological_unit;doubtful;;AR_A;yes;yes;yes;yes;"Level A tooth date retained in core; principal residual tension of consolidated model."
Abric Romaní;AR;;A;Level A;Protoaurignacian;medium;ARMAC12817;OxA-X-2095-46;14C;;shell;Zonaria pyrum;36090;230;14C_BP;Marine20;Camps & Higham 2012;;direct;dates_human_activity;doubtful;AR_ARMAC12817;AR_A;no;yes;yes;no;"Direct perforated shell date; excluded from consolidated core after S2/S3 marine sensitivities but retained as critical doubtful determination."
Abric Romaní;AR;R54/AR3;Carbonate below A;AR3 / below A;;;90-22;90-22;U-Series;;travertine;travertine carbonate;45500;1300;BP;;Bischoff et al. 1994;;stratigraphic_bracket;lower_bracket;doubtful;;AR_AR3_belowA;no;yes;no;no;Raw AR3 alpha-spectrometry determination retained, but detrital Th caution and package simplification require conservative use.
Abric Romaní;AR;R54/AR3;Carbonate below A;AR3 / below A;;;90-40;90-40;U-Series;;travertine;travertine carbonate;48600;1400;BP;;Bischoff et al. 1994;;stratigraphic_bracket;lower_bracket;doubtful;;AR_AR3_belowA;no;yes;no;no;Raw AR3 alpha-spectrometry determination retained, but detrital Th caution and package simplification require conservative use.
Abric Romaní;AR;R54/AR3;Carbonate below A;AR3 / below A;;;90-93;90-93;U-Series;;travertine;travertine carbonate;46100;1300;BP;;Bischoff et al. 1994;;stratigraphic_bracket;lower_bracket;doubtful;;AR_AR3_belowA;no;yes;no;no;Raw AR3 alpha-spectrometry determination retained, but detrital Th caution and package simplification require conservative use.
Abric Romaní;AR;R54/AR3;Carbonate below A;AR3 / below A;;;90-111;90-111;U-Series;;travertine;travertine carbonate;45100;1000;BP;;Bischoff et al. 1994;;stratigraphic_bracket;lower_bracket;doubtful;;AR_AR3_belowA;no;yes;no;no;Raw AR3 alpha-spectrometry determination retained, but detrital Th caution and package simplification require conservative use.
Abric Romaní;AR;R54/AR3;Carbonate below A;AR3 / below A;;;NA#14;NA#14;U-Series;;travertine;travertine carbonate;41300;300;BP;;Bischoff et al. 1994;;stratigraphic_bracket;lower_bracket;doubtful;;AR_AR3_belowA;no;yes;no;no;Below-A TIMS determination retained as structural lower bracket but outside the preferred AR3 core pair.
Abric Romaní;AR;R54/AR3;Carbonate below A;AR3 / below A;;;NA#15;NA#15;U-Series;;travertine;travertine carbonate;44400;300;BP;;Bischoff et al. 1994;;stratigraphic_bracket;lower_bracket;doubtful;;AR_AR3_belowA;no;yes;no;no;Below-A TIMS determination retained as structural lower bracket but outside the preferred AR3 core pair.
Abric Romaní;AR;R54/AR3;Carbonate below A;AR3 / below A;;;NA#16;NA#16;U-Series;;travertine;travertine carbonate;42500;200;BP;;Bischoff et al. 1994;;stratigraphic_bracket;lower_bracket;include;;AR_AR3_belowA;no;yes;no;no;Preferred AR3 TIMS lower-bracket determination retained and used in consolidated structural modeling.
Abric Romaní;AR;R54/AR3;Carbonate below A;AR3 / below A;;;NA#17;NA#17;U-Series;;travertine;travertine carbonate;42700;200;BP;;Bischoff et al. 1994;;stratigraphic_bracket;lower_bracket;include;;AR_AR3_belowA;no;yes;no;no;Preferred AR3 TIMS lower-bracket determination retained and used in consolidated structural modeling.
Abric Romaní;AR;Hedges section;B;Level B;MP;medium;AR102;OxA-12025;14C;;charcoal;;39060;350;14C_BP;IntCal20;Camps & Higham 2012;;indirect_contextual;dates_archaeological_unit;include;;AR_B;yes;yes;yes;yes;"Accepted as charcoal from Level B; publication shell label treated as editorial inconsistency."
Abric Romaní;AR;;D;Level D;MP;high;NZA-2313;NZA-2313;14C;;charcoal;;40680;940;14C_BP;IntCal20;Camps & Higham 2012;;indirect_contextual;dates_archaeological_unit;include;;AR_D;yes;yes;yes;yes;"Accepted Level D date; key anchor of final Middle Palaeolithic at Abric Romaní."
Abric Romaní;AR;;Carbonate below D;below D;;;Dbelow-C94-1;AR_not_reported_belowD;U-Series;;travertine;travertine carbonate;44900;2500;BP;;Carbonell et al. 1994;;stratigraphic_bracket;lower_bracket;include;;AR_belowD;no;yes;no;no;Useful lower bracket for Level D retained in mixed-method structural sequence.
Abric Romaní;AR;;E;Level E;MP;medium;NZA-2314;NZA-2314;14C;;charcoal;;43200;1100;14C_BP;IntCal20;Camps & Higham 2012;;indirect_contextual;dates_archaeological_unit;include;;AR_E;yes;yes;yes;yes;"Accepted Level E date; useful Middle Palaeolithic archaeological unit."
Abric Romaní;AR;;H;Level H;MP;high;NZA-2315;NZA-2315;14C;;charcoal;;44500;1200;14C_BP;IntCal20;Camps & Higham 2012;;indirect_contextual;dates_archaeological_unit;include;;AR_H;yes;yes;yes;yes;"Accepted Level H date; useful Middle Palaeolithic archaeological unit."
Abric Romaní;AR;;H;Level H;MP;high;CAMS;CAMS;14C;;charcoal;;44100;5900;14C_BP;IntCal20;Camps & Higham 2012;;indirect_contextual;dates_archaeological_unit;doubtful;;AR_H;no;yes;yes;no;"Very imprecise Level H AMS date; retained for traceability and local sequence, not ideal for primary 14C analyses."
Abric Romaní;AR;;Carbonate below H;below H;;;Hbelow-C94-1;AR_not_reported_belowH;U-Series;;travertine;travertine carbonate;45100;3100;BP;;Carbonell et al. 1994;;stratigraphic_bracket;lower_bracket;include;;AR_belowH;no;yes;no;no;Useful lower bracket for Level H retained in mixed-method structural sequence.
Abric Romaní;AR;;Carbonate below I;below I;;;NA#21;NA#21;U-Series;;travertine;travertine carbonate;46500;1500;BP;;Carbonell et al. 1994;;stratigraphic_bracket;sedimentary_context;include;;AR_belowI;no;yes;no;no;"Usable below-I travertine determination retained individually; package should be binned in descriptive mixed-method analyses."
Abric Romaní;AR;;Carbonate below I;below I;;;NA#22;NA#22;U-Series;;travertine;travertine carbonate;48600;2300;BP;;Carbonell et al. 1994;;stratigraphic_bracket;sedimentary_context;include;;AR_belowI;no;yes;no;no;"Usable below-I travertine determination retained individually; package should be binned in descriptive mixed-method analyses."
Abric Romaní;AR;;Carbonate below I;below I;;;NA#23;NA#23;U-Series;;travertine;travertine carbonate;46900;2600;BP;;Carbonell et al. 1994;;stratigraphic_bracket;sedimentary_context;include;;AR_belowI;no;yes;no;no;"Usable below-I travertine determination retained individually; package should be binned in descriptive mixed-method analyses."
Abric Romaní;AR;;Carbonate below I;below I;;;NA#24;NA#24;U-Series;;travertine;travertine carbonate;46300;2400;BP;;Carbonell et al. 1994;;stratigraphic_bracket;sedimentary_context;include;;AR_belowI;no;yes;no;no;"Usable below-I travertine determination retained individually; package should be binned in descriptive mixed-method analyses."
Abric Romaní;AR;;Carbonate below I;below I;;;NA#25;NA#25;U-Series;;travertine;travertine carbonate;48000;1600;BP;;Carbonell et al. 1994;;stratigraphic_bracket;sedimentary_context;include;;AR_belowI;no;yes;no;no;"Usable below-I travertine determination retained individually; package should be binned in descriptive mixed-method analyses."
Abric Romaní;AR;;Carbonate below I;below I;;;NA#26;NA#26;U-Series;;travertine;travertine carbonate;49200;3300;BP;;Carbonell et al. 1994;;stratigraphic_bracket;sedimentary_context;include;;AR_belowI;no;yes;no;no;"Usable below-I travertine determination retained individually; package should be binned in descriptive mixed-method analyses."
Abric Romaní;AR;;Carbonate below I;below I;;;NA#27;NA#27;U-Series;;travertine;travertine carbonate;47400;2500;BP;;Carbonell et al. 1994;;stratigraphic_bracket;sedimentary_context;include;;AR_belowI;no;yes;no;no;"Usable below-I travertine determination retained individually; package should be binned in descriptive mixed-method analyses."
Abric Romaní;AR;;Carbonate below I;below I;;;NA#28;NA#28;U-Series;;travertine;travertine carbonate;49300;2700;BP;;Carbonell et al. 1994;;stratigraphic_bracket;sedimentary_context;include;;AR_belowI;no;yes;no;no;"Usable below-I travertine determination retained individually; package should be binned in descriptive mixed-method analyses."
Abric Romaní;AR;;Carbonate below I;below I;;;NA#29;NA#29;U-Series;;travertine;travertine carbonate;49300;1600;BP;;Carbonell et al. 1994;;stratigraphic_bracket;sedimentary_context;include;;AR_belowI;no;yes;no;no;"Usable below-I travertine determination retained individually; package should be binned in descriptive mixed-method analyses."
Abric Romaní;AR;;Carbonate below I;below I;;;NA#30;NA#30;U-Series;;travertine;travertine carbonate;49200;2900;BP;;Carbonell et al. 1994;;stratigraphic_bracket;sedimentary_context;include;;AR_belowI;no;yes;no;no;"Usable below-I travertine determination retained individually; package should be binned in descriptive mixed-method analyses."
Abric Romaní;AR;;J;Level J;MP;high;NZA-2316;NZA-2316;14C;;charcoal;;47100;2100;14C_BP;IntCal20;Camps & Higham 2012;;indirect_contextual;dates_archaeological_unit;include;;AR_J;yes;yes;yes;yes;"Accepted Level J date; oldest archaeological 14C anchor retained in the sequence."
Abric Romaní;AR;;Carbonate below J;below J;;;Jbelow-C94-1;AR_not_reported_belowJ;U-Series;;travertine;travertine carbonate;50400;2600;BP;;Carbonell et al. 1994;;stratigraphic_bracket;lower_bracket;include;;AR_aboveJ;no;yes;no;no;"Oldest usable bracket of the modeled sequence; retained despite broad uncertainty."
L'Arbreda;ARB;;E;;Gravettian;high;ABD31;OxA-21669;14C;AF;bone;indet.;25780;210;14C_BP;IntCal20;Wood et al. 2014;;direct;dates_human_activity;include;;ARB_E;yes;yes;yes;yes;"Direct anthropic bone; E accepted"
L'Arbreda;ARB;;E;;Gravettian;high;ABD30;OxA-21668;14C;AF*;bone;indet.;26100;210;14C_BP;IntCal20;Wood et al. 2014;;direct;dates_human_activity;include;;ARB_E;yes;yes;yes;yes;"Direct anthropic bone; E accepted"
L'Arbreda;ARB;;F;;Gravettian;high;ABD5;OxA-21782;14C;AF;bone;cf. Cervus elaphus femur;28280;290;14C_BP;IntCal20;Wood et al. 2014;;indirect_contextual;dates_archaeological_unit;include;;ARB_F;yes;yes;no;no;"Usable for sequence; unmodified fauna, not human proxy"
L'Arbreda;ARB;;F;;Gravettian;high;ABD2;OxA-21781;14C;AF;bone;Cervus elaphus phalanx;28260;280;14C_BP;IntCal20;Wood et al. 2014;;indirect_contextual;dates_archaeological_unit;include;;ARB_F;yes;yes;no;no;"Usable for sequence; unmodified fauna, not human proxy"
L'Arbreda;ARB;;G;;Late Aurignacian;high;ABD27;OxA-21667;14C;AF;bone;indet.;32250;450;14C_BP;IntCal20;Wood et al. 2014;;direct;dates_human_activity;include;;ARB_G;yes;yes;yes;yes;"G main; direct human signal"
L'Arbreda;ARB;;G;;Late Aurignacian;high;ABD6;OxA-21783;14C;AF*;bone;indet. bone point;32100;450;14C_BP;IntCal20;Wood et al. 2014;;direct;dates_human_activity;include;;ARB_G;yes;yes;yes;yes;"G main; bone tool"
L'Arbreda;ARB;;G;;Late Aurignacian;high;ABD25;OxA-21666;14C;AF;bone;indet.;32750;450;14C_BP;IntCal20;Wood et al. 2014;;direct;dates_human_activity;include;;ARB_G;yes;yes;yes;yes;"G main; direct human signal"
L'Arbreda;ARB;;H;;uncertain;low;ABD12;SANU-29018;14C;AF*;bone;indet.;32100;540;14C_BP;IntCal20;Wood et al. 2014;;uncertain;mixed_or_uncertain;doubtful;;ARB_H;no;yes;no;no;"Possible percolation; excluded from baseline"
L'Arbreda;ARB;;H;;Protoaurignacian;high;ABD11;SANU-29017;14C;AF*;bone;indet.;34800;760;14C_BP;IntCal20;Wood et al. 2014;;direct;dates_human_activity;include;;ARB_H;yes;yes;yes;yes;"H main; direct anthropic bone"
L'Arbreda;ARB;;H;;Protoaurignacian;medium;;SANU-29019;14C;AF*;bone;indet.;35900;860;14C_BP;IntCal20;Wood et al. 2014;;indirect_contextual;dates_archaeological_unit;include;;ARB_H;yes;yes;yes;yes;"H main; sample ref unresolved in supplement"
L'Arbreda;ARB;;H;;Protoaurignacian;high;ABD10;SANU-29016;14C;AF*;bone;indet.;35700;830;14C_BP;IntCal20;Wood et al. 2014;;direct;dates_human_activity;include;;ARB_H;yes;yes;yes;yes;"H main; direct anthropic bone"
L'Arbreda;ARB;;H;;uncertain;low;ABD9;SANU-29014;14C;AF*;bone;indet.;31900;530;14C_BP;IntCal20;Wood et al. 2014;;uncertain;mixed_or_uncertain;doubtful;;ARB_H;no;yes;no;no;"Possible percolation; excluded from baseline"
L'Arbreda;ARB;;H;contact_H_G;uncertain;low;ABD22;OxA-21674;14C;AF*;bone;indet. bone tool;33800;550;14C_BP;IntCal20;Wood et al. 2014;;direct;mixed_or_uncertain;doubtful;;ARB_HG_contact;no;yes;yes;no;"Direct bone tool; best read as upper H or H/G contact, not H main"
L'Arbreda;ARB;;H;;Protoaurignacian;high;ABD20;OxA-21665;14C;AF*;bone;Canis lupus radius;35850;700;14C_BP;IntCal20;Wood et al. 2014;;direct;dates_human_activity;include;;ARB_H;yes;yes;yes;yes;"H main; direct human signal"
L'Arbreda;ARB;;H;;Protoaurignacian;high;ABD7;OxA-21784;14C;AF*;bone;indet. bone tool;36000;700;14C_BP;IntCal20;Wood et al. 2014;;direct;dates_human_activity;include;;ARB_H;yes;yes;yes;yes;"H main; bone tool"
L'Arbreda;ARB;;H;;Protoaurignacian;high;ABD18;OxA-21664;14C;AF*;bone;indet.;35900;650;14C_BP;IntCal20;Wood et al. 2014;;direct;dates_human_activity;include;;ARB_H;yes;yes;yes;yes;"H main; direct human signal"
L'Arbreda;ARB;;I;;MP;medium;ABD17;OxA-21704;14C;AF*;bone;Cervus elaphus phalanx;39200;1000;14C_BP;IntCal20;Wood et al. 2014;;indirect_contextual;dates_archaeological_unit;include;;ARB_I;yes;yes;no;no;"Usable for I sequence; weak human association"
L'Arbreda;ARB;;I;;MP;medium;ABD13;OxA-21662;14C;AF*;bone;Cervus elaphus metatarsal;37300;800;14C_BP;IntCal20;Wood et al. 2014;;indirect_contextual;dates_archaeological_unit;include;;ARB_I;yes;yes;no;no;"Usable for I sequence; weak human association"
L'Arbreda;ARB;;I;;MP;medium;;OxA-19994;14C;ABOx-SC;charcoal;charcoal;38350;400;14C_BP;IntCal20;Wood et al. 2014;;indirect_contextual;dates_archaeological_unit;include;;ARB_I;yes;yes;no;no;"Contextual charcoal for I; useful as bracket/sequence constraint"
Cova Gran de Santa Linya;CGSL;Ramp;497A;;EUP;medium;;MAD-5569BIN;TL;;burned_flint;;20555;1940;BP;;Mora et al. 2018;;direct;dates_archaeological_unit;include;;CGSL_Ramp_497A;no;yes;yes;no;"TL útil como control estructural del Ramp; entra en base maestra y exploración mixta, no en 14C primario ni subset cultural."
Cova Gran de Santa Linya;CGSL;Ramp;497A;;EUP;medium;CG-7A-461;Beta-207576;14C;A;shell;marine shell;21690;120;14C_BP;Marine20;Martinez-Moreno et al. 2010;;indirect_contextual;mixed_or_uncertain;doubtful;;CGSL_Ramp_497A;no;no;no;no;"Concha marina de 497A; probable edad mínima y sin utilidad suficiente para subconjuntos analíticos."
Cova Gran de Santa Linya;CGSL;Ramp;497A;;EUP;medium;;OxA-19262;14C;CarDS;shell;marine shell;24600;110;14C_BP;Marine20;Mora et al. 2018;;indirect_contextual;mixed_or_uncertain;doubtful;;CGSL_Ramp_497A;no;no;no;no;"CarDS sobre concha de 497A; se conserva por trazabilidad, pero no entra en subconjuntos por fiabilidad limitada."
Cova Gran de Santa Linya;CGSL;Ramp;497C;;EUP;medium;CG-7C-491;Beta-207577;14C;A;shell;marine shell;26220;220;14C_BP;Marine20;Martinez-Moreno et al. 2010;;indirect_contextual;mixed_or_uncertain;doubtful;;CGSL_Ramp_497C;no;no;no;no;"Concha marina de 497C; probable mínima y retenida solo como contexto cronológico dudoso."
Cova Gran de Santa Linya;CGSL;Ramp;497C;;EUP;medium;;MAD-5570BIN;TL;;burned_flint;;22922;1777;BP;;Mora et al. 2018;;direct;dates_archaeological_unit;include;;CGSL_Ramp_497C;no;yes;yes;no;"TL útil para ordenar 497C dentro del Ramp; válida en base maestra y exploración mixta."
Cova Gran de Santa Linya;CGSL;Ramp;497D;;EUP;low;;MAD-5502BIN;TL;;burned_flint;;36610;4056;BP;;Mora et al. 2018;;direct;dates_archaeological_unit;include;;CGSL_Ramp_497D;no;yes;yes;no;"TL coherente pero amplia; útil como control estructural independiente del 14C."
Cova Gran de Santa Linya;CGSL;Ramp;497D;;EUP;low;;OxA-19250;14C;CarDS;shell;marine shell;26340;130;14C_BP;Marine20;Mora et al. 2018;;indirect_contextual;mixed_or_uncertain;doubtful;;CGSL_Ramp_497D;no;no;no;no;"Concha marina de 497D; probable mínima y no adecuada para anclar el nivel ni para subconjuntos."
Cova Gran de Santa Linya;CGSL;Ramp;497D;;EUP;low;CG-7D-50;Beta-207578;14C;ABA;charcoal;;32630;450;14C_BP;IntCal20;Martinez-Moreno et al. 2010;;direct;dates_archaeological_unit;include;;CGSL_Ramp_497D;yes;yes;yes;no;"Carbón independiente de 497D; usable y retenido en base maestra aunque no sea el ancla consolidada principal."
Cova Gran de Santa Linya;CGSL;Ramp;497D;;EUP;low;CG-7D-49a;AA-68834a;14C;A;charcoal;;32368;241;14C_BP;IntCal20;Martinez-Moreno et al. 2010;;direct;dates_archaeological_unit;doubtful;CGSL_CG-7D-49;CGSL_Ramp_497D;no;no;no;no;"Misma muestra física que la ABOX; pretratamiento inferior y se conserva solo por trazabilidad."
Cova Gran de Santa Linya;CGSL;Ramp;497D;;EUP;low;CG-7D-49b;AA-68834b;14C;AAA;charcoal;;33068;261;14C_BP;IntCal20;Martinez-Moreno et al. 2010;;direct;dates_archaeological_unit;doubtful;CGSL_CG-7D-49;CGSL_Ramp_497D;no;no;no;no;"Misma muestra física que la ABOX; pretratamiento inferior y se conserva solo por trazabilidad."
Cova Gran de Santa Linya;CGSL;Ramp;497D;;EUP;low;CG-7D-49c;AA-68834c;14C;ABOX;charcoal;;34179;247;14C_BP;IntCal20;Martinez-Moreno et al. 2010;;direct;dates_archaeological_unit;include;CGSL_CG-7D-49;CGSL_Ramp_497D;yes;yes;yes;no;"ABOX sobre CG-7D-49; ancla cronológica principal consolidada de 497D."
Cova Gran de Santa Linya;CGSL;Ramp;S1B;;MP;high;;MAD-5580BIN;TL;;burned_flint;;35820;2237;BP;;Mora et al. 2018;;direct;dates_archaeological_unit;include;;CGSL_Ramp_S1B;no;yes;yes;yes;"TL estructural de S1B; útil en exploración mixta y como apoyo del PM final, aunque amplia."
Cova Gran de Santa Linya;CGSL;Ramp;S1B;;MP;high;CG-1B-1269;Beta-224299;14C;ABA;charcoal;;38640;440;14C_BP;IntCal20;Martinez-Moreno et al. 2010;;direct;dates_archaeological_unit;include;;CGSL_Ramp_S1B;yes;yes;yes;yes;"Carbón principal consolidado de S1B; ancla del PM final publicado en Cova Gran."
Cova Gran de Santa Linya;CGSL;Ramp;S1C;;MP;high;;MAD-5575BIN;TL;;burned_flint;;40288;3389;BP;;Mora et al. 2018;;direct;dates_archaeological_unit;include;;CGSL_Ramp_S1C;no;yes;yes;yes;TL útil para la coherencia secuencial del Ramp y aceptable en exploración mixta.
Cova Gran de Santa Linya;CGSL;Ramp;S1C;;MP;high;CG-1C-974;Beta-195430;14C;ABA;charcoal;;32000;300;14C_BP;IntCal20;Martinez-Moreno et al. 2010;;direct;dates_archaeological_unit;doubtful;;CGSL_Ramp_S1C;no;no;no;no;"AMS de S1C probablemente mínima; se conserva como dudosa, sin uso en subconjuntos derivados."
Cova Gran de Santa Linya;CGSL;Ramp;S1D;;MP;high;;MAD-5574BIN;TL;;burned_flint;;41308;3979;BP;;Mora et al. 2018;;direct;dates_archaeological_unit;include;;CGSL_Ramp_S1D;no;yes;yes;yes;TL útil para sostener la arquitectura secuencial del Ramp y aceptable en exploración mixta.
Cova Gran de Santa Linya;CGSL;Ramp;S1D;;MP;high;CG-1D-60;Beta-187423;14C;ABA;charcoal;;32180;430;14C_BP;IntCal20;Martinez-Moreno et al. 2010;;direct;dates_archaeological_unit;doubtful;;CGSL_Ramp_S1D;no;no;no;no;"AMS de S1D probablemente mínima y parte de la sincronía artificial con 497D; solo trazabilidad."
Cova Gran de Santa Linya;CGSL;Ramp;S1D;;MP;high;CG-1D-1657;Beta-195431;14C;ABA;charcoal;;33090;350;14C_BP;IntCal20;Martinez-Moreno et al. 2010;;direct;dates_archaeological_unit;doubtful;;CGSL_Ramp_S1D;no;no;no;no;"AMS de S1D probablemente mínima y parte de la sincronía artificial con 497D; solo trazabilidad."
Cova Gran de Santa Linya;CGSL;Ramp;S1D;;MP;high;CG-1D-2492;Beta-207575;14C;ABA;charcoal;;32260;490;14C_BP;IntCal20;Martinez-Moreno et al. 2010;;direct;dates_archaeological_unit;doubtful;;CGSL_Ramp_S1D;no;no;no;no;"AMS de S1D probablemente mínima y parte de la sincronía artificial con 497D; solo trazabilidad."
Cova del Coll Verdaguer;CV;Sala Sal de Llop;LSU;;uncertain;uncertain;6421;UEVA 843;U-Series;MC-ICPMS corrected age (reported 2σ);carbonate;;90400;4000;BP;;Daura et al. 2017;;stratigraphic_bracket;lower_bracket;include;;CV_SalaSaldeLlop_LSU;no;yes;no;no;"Maximum-age geological bracket for DCU sediment accumulation; retained for local sequence only, not for human presence or cultural analysis."
Cova del Coll Verdaguer;CV;Sala Sal de Llop;UFU;base;uncertain;uncertain;6411;6106;U-Series;alpha spectrometry;carbonate;;38347;2245;BP;;Daura et al. 2017;;stratigraphic_bracket;upper_bracket;include;;CV_SalaSaldeLlop_UFU_base;no;yes;no;no;"Minimum-age geological bracket at the base of the sealing flowstone; retained for local sequence only, not for human presence or cultural analysis."
Cova del Coll Verdaguer;CV;Sala Sal de Llop;Unit 1;;MP;low;4723;OxA-23637;14C;ZR;charcoal;Pinus sylvestris type;37600;550;14C_BP;IntCal20;Daura et al. 2017;;indirect_contextual;dates_archaeological_unit;include;;CV_SalaSaldeLlop_Unit1;yes;yes;yes;no;"Retained in consolidated baseline. Weak indirect constraint on human presence in Unit 1; dates unit context, not a direct anthropic event. Excluded from cultural subset because attribution and human signal are weak."
Cova del Coll Verdaguer;CV;Sala Sal de Llop;Unit 2;;MP;low;6413;OxA-23638;14C;ZR;charcoal;Pinus sylvestris type;38000;550;14C_BP;IntCal20;Daura et al. 2017;;indirect_contextual;dates_archaeological_unit;include;;CV_SalaSaldeLlop_Unit2;yes;yes;yes;no;"Retained in consolidated baseline. Weak indirect constraint on human presence in Unit 2; dates unit context, not a direct anthropic event. Excluded from cultural subset because attribution and human signal are weak."
Cova del Coll Verdaguer;CV;Sala Sal de Llop;Unit 2;;MP;low;6414;MAD-4960;TL;MAAD;sediment;;46600;4200;BP;;Daura et al. 2017;;indirect_contextual;dates_archaeological_unit;include;;CV_SalaSaldeLlop_Unit2;no;yes;yes;no;"Retained in consolidated baseline. Sediment date for Unit 2 depositional phase; usable only as a weak indirect constraint on human presence and excluded from cultural subset."
Cova del Coll Verdaguer;CV;Sala Sal de Llop;Unit 1;;MP;low;902;ET32;ESR;LU age model preferred;tooth;Cervus elaphus (P3);46100;7400;BP;;Daura et al. 2017;;indirect_contextual;dates_archaeological_unit;include;;CV_SalaSaldeLlop_Unit1;no;yes;yes;no;"Retained in consolidated baseline. ESR faunal tooth from Unit 1; indirect depositional constraint on a unit with sparse human presence, not a direct anthropic event. Excluded from cultural subset."
Cova del Coll Verdaguer;CV;Sala Sal de Llop;Unit 3;;MP;low;5555;ET27;ESR;LU age model preferred;tooth;Cervus elaphus (M1-M2);43900;3000;BP;;Daura et al. 2017;;indirect_contextual;dates_archaeological_unit;include;;CV_SalaSaldeLlop_Unit3;no;yes;yes;no;"Retained in consolidated baseline. ESR faunal tooth from Unit 3; indirect depositional constraint on a unit with sparse human presence, not a direct anthropic event. Excluded from cultural subset."
Cova del Coll Verdaguer;CV;Sala Sal de Llop;Unit 3;;MP;low;5686;ET33;ESR;LU age model preferred;tooth;Cervus elaphus (M1);46400;2600;BP;;Daura et al. 2017;;indirect_contextual;dates_archaeological_unit;include;;CV_SalaSaldeLlop_Unit3;no;yes;yes;no;"Retained in consolidated baseline. ESR faunal tooth from Unit 3; indirect depositional constraint on a unit with sparse human presence, not a direct anthropic event. Excluded from cultural subset."
Cova del Coll Verdaguer;CV;Sala Sal de Llop;Unit 1;;MP;low;6415;6022-6024;AAR;Asp/Glu D/L;shell;Cepaea nemoralis;50055;4359;BP;;Daura et al. 2017;;uncertain;mixed_or_uncertain;doubtful;;CV_SalaSaldeLlop_Unit1;no;no;no;no;Retained only in the master database as a doubtful review/sensitivity determination. Not used in the consolidated baseline or in human-presence/cultural subsets because AAR is exploratory here and trends older than the other methods.
Cova del Coll Verdaguer;CV;Sala Sal de Llop;Unit 1;;MP;low;6416;6031-6038;AAR;Asp/Glu D/L;shell;Cepaea nemoralis;52950;9041;BP;;Daura et al. 2017;;uncertain;mixed_or_uncertain;doubtful;;CV_SalaSaldeLlop_Unit1;no;no;no;no;Retained only in the master database as a doubtful review/sensitivity determination. Not used in the consolidated baseline or in human-presence/cultural subsets because AAR is exploratory here and trends older than the other methods.
Cova del Coll Verdaguer;CV;Sala Sal de Llop;Unit 2;;MP;low;6417;6028-6030;AAR;Asp/Glu D/L;shell;Cepaea nemoralis;55175;13343;BP;;Daura et al. 2017;;uncertain;mixed_or_uncertain;doubtful;;CV_SalaSaldeLlop_Unit2;no;no;no;no;Retained only in the master database as a doubtful review/sensitivity determination. Not used in the consolidated baseline or in human-presence/cultural subsets because AAR is exploratory here and trends older than the other methods.
Cova del Coll Verdaguer;CV;Sala Sal de Llop;Unit 2;;MP;low;6418;6025-6028;AAR;Asp/Glu D/L;shell;Cepaea nemoralis;56137;6115;BP;;Daura et al. 2017;;uncertain;mixed_or_uncertain;doubtful;;CV_SalaSaldeLlop_Unit2;no;no;no;no;Retained only in the master database as a doubtful review/sensitivity determination. Not used in the consolidated baseline or in human-presence/cultural subsets because AAR is exploratory here and trends older than the other methods.
Riera dels Canyars;CY;Cala A-Rasa D;I;Ia;Early Aurignacian;low;RC-001;Beta-273965;14C;ABA;charcoal;Pinus sylvestris-type;33800;350;14C_BP;IntCal20;Daura et al. 2013;;indirect_contextual;dates_archaeological_unit;include;;CY_CalaA_RasaD_I_Ia;yes;yes;yes;no;"Accepted charcoal 14C from layer Ia in mixed paleochannel context; usable for local sequence and indirect human-presence analyses, but not for cultural subset because attribution is weak."
Riera dels Canyars;CY;Cala A-Rasa D;I;Ia;Early Aurignacian;low;RC-002;OxA-23643;14C;ABA;charcoal;Pinus sylvestris-type;34540;330;14C_BP;IntCal20;Daura et al. 2013;;indirect_contextual;dates_archaeological_unit;include;CY_RC-002;CY_CalaA_RasaD_I_Ia;yes;yes;yes;no;"Accepted charcoal 14C; same physical sample as OxA-2416-44, so retain as separate analytical determination but group to avoid over-weighting; not used for cultural subset."
Riera dels Canyars;CY;Cala A-Rasa D;I;Ia;Early Aurignacian;low;RC-002;OxA-2416-44;14C;ABOx-SC;charcoal;Pinus sylvestris-type;34980;350;14C_BP;IntCal20;Daura et al. 2013;;indirect_contextual;dates_archaeological_unit;include;CY_RC-002;CY_CalaA_RasaD_I_Ia;yes;yes;yes;no;"Accepted charcoal 14C; same physical sample as OxA-23643, so retain as separate analytical determination but group to avoid over-weighting; not used for cultural subset."
Riera dels Canyars;CY;Cala A-Rasa D;I;Ia;Early Aurignacian;low;RC-003;OxA-23644;14C;ABA;charcoal;Pinus sylvestris-type;34810;360;14C_BP;IntCal20;Daura et al. 2013;;indirect_contextual;dates_archaeological_unit;include;CY_RC-003;CY_CalaA_RasaD_I_Ia;yes;yes;yes;no;"Accepted charcoal 14C; same physical sample as OxA-24057, so retain as separate analytical determination but group to avoid over-weighting; not used for cultural subset."
Riera dels Canyars;CY;Cala A-Rasa D;I;Ia;Early Aurignacian;low;RC-003;OxA-24057;14C;ABOx-SC;charcoal;Pinus sylvestris-type;34900;340;14C_BP;IntCal20;Daura et al. 2013;;indirect_contextual;dates_archaeological_unit;include;CY_RC-003;CY_CalaA_RasaD_I_Ia;yes;yes;yes;no;"Accepted charcoal 14C; same physical sample as OxA-23644, so retain as separate analytical determination but group to avoid over-weighting; not used for cultural subset."
Cova de la Font Major;FM;Boca;Vilaseca Collection;CE-2;uncertain;uncertain;;Beta-600078;14C;;bone;H. sapiens;4950;30;14C_BP;IntCal20;Font_Major_Dataciones.xlsx;;uncertain;mixed_or_uncertain;doubtful;;FM_CE-2;no;no;no;no;"Human femur from Vilaseca collection; cave-entry provenience is poorly constrained and retained only as doubtful master record."
Cova de la Font Major;FM;Boca;CE-1-Ig;CE-1;Early Neolithic;high;;Beta-652873;14C;;charcoal;Quercus sp. deciduous;6270;30;14C_BP;IntCal20;Font_Major_Dataciones.xlsx;;indirect_contextual;dates_archaeological_unit;include;;FM_Boca_Ig_CE1;no;yes;no;no;"Accepted as coherent Early Neolithic exterior horizon; useful for local sequence but outside PM-PS regional human/cultural subsets."
Cova de la Font Major;FM;Boca;CE-1-Ig;CE-1;Early Neolithic;high;;Beta-317705;14C;;tooth;Ovis/Capra;6310;40;14C_BP;IntCal20;Font_Major_Dataciones.xlsx;;indirect_contextual;dates_archaeological_unit;include;;FM_Boca_Ig_CE1;no;yes;no;no;"Accepted as coherent Early Neolithic exterior horizon; useful for local sequence but outside PM-PS regional human/cultural subsets."
Cova de la Font Major;FM;Boca;CE-1-Ig;CE-1;Early Neolithic;high;;Beta-652874;14C;;charcoal;Quercus sp. deciduous;6400;30;14C_BP;IntCal20;Font_Major_Dataciones.xlsx;;indirect_contextual;dates_archaeological_unit;include;;FM_Boca_Ig_CE1;no;yes;no;no;"Accepted as coherent Early Neolithic exterior horizon; useful for local sequence but outside PM-PS regional human/cultural subsets."
Cova de la Font Major;FM;GPA;CDS_inf-1;Sector5-nivell2;UP;low;;Beta-572489;14C;;charcoal;Unidentified;33030;180;14C_BP;IntCal20;Font_Major_Dataciones.xlsx;;indirect_contextual;dates_human_activity;include;;FM_CDS_inf-1;yes;yes;yes;no;"Accepted as best anchor of the basal Upper Palaeolithic visitation pulse in CDS-inf; useful for PM-PS human presence but not secure enough for cultural subset."
Cova de la Font Major;FM;GPE;CDS_inf-2;Base Laminacions;UP;low;;Beta-596599;14C;;charcoal;Unidentified;31390;150;14C_BP;IntCal20;Font_Major_Dataciones.xlsx;;indirect_contextual;dates_human_activity;include;;FM_CDS_inf-2;yes;yes;yes;no;"Accepted as secondary anthropic signal correlated with the basal CDS-inf visitation pulse; useful for PM-PS human presence with caution."
Cova de la Font Major;FM;GPE;CDI;Sondeig 2-base;uncertain;uncertain;;Beta-652875;14C;;charcoal;Pinus typus sylvestris;34960;320;14C_BP;IntCal20;Font_Major_Dataciones.xlsx;;stratigraphic_bracket;lower_bracket;include;;FM_CDI;no;yes;no;no;"Retained as basal CDI bracket in the reference model; useful for sequence only, not for human-presence or cultural subsets."
Cova de la Font Major;FM;GPE;CDS_inf-3;Sondeig 2-top;UP;low;;Beta-652876;14C;;charcoal;Pinus typus sylvestris;21750;80;14C_BP;IntCal20;Font_Major_Dataciones.xlsx;;indirect_contextual;dates_human_activity;include;;FM_CDS-Inf-3;yes;yes;yes;no;"Accepted as secondary anthropic signal for the upper CDS-inf Upper Palaeolithic visitation pulse; useful human-presence proxy with caution."
Cova de la Font Major;FM;GPE;CDS_inf-3;Rassa-linea inf;UP;low;;Beta-631275;14C;;charcoal;Unidentified;21850;70;14C_BP;IntCal20;Font_Major_Dataciones.xlsx;;indirect_contextual;dates_human_activity;include;;FM_CDS-Inf-3;yes;yes;yes;no;"Accepted as secondary anthropic signal for the upper CDS-inf visitation pulse; Excel lab code retained and final interpretation follows working notes."
Cova de la Font Major;FM;GPE;CDS_sup-4;Rassa-linea sup;Iron Age;medium;;Beta-652877;14C;;charcoal;Pinus typus sylvestris;2290;30;14C_BP;IntCal20;Font_Major_Dataciones.xlsx;;indirect_contextual;dates_human_activity;include;;CDS_sup-4a;no;yes;no;no;"Accepted within the coherent CDS-sup Iron Age phase; useful for local sequence but outside PM-PS regional human/cultural subsets."
Cova de la Font Major;FM;GPE;CDS_sup-4;Boca Pou Palletes;Iron Age;medium;;Beta-631276;14C;;charcoal;Pinus typus sylvestris;2390;30;14C_BP;IntCal20;Font_Major_Dataciones.xlsx;;indirect_contextual;dates_human_activity;include;;CDS_sup-4b;no;yes;no;no;"Accepted within the coherent CDS-sup Iron Age phase; likely redistributed secondary signal tied to the same protohistoric episode."
Cova de la Font Major;FM;GPA;CDS_sup-4;Sector5-nivell1;Iron Age;medium;;Beta-631279;14C;;bone;Ovis/Capra;2180;30;14C_BP;IntCal20;Font_Major_Dataciones.xlsx;;indirect_contextual;dates_human_activity;include;;CDS_sup-4c;no;yes;no;no;"Accepted within the coherent CDS-sup Iron Age phase; useful for local sequence but outside PM-PS regional human/cultural subsets."
Cova de la Font Major;FM;Sala del Llac;CDS_sup-4;UE11;Iron Age;high;;Beta-579351;14C;;bone;Ovis/Capra;2160;30;14C_BP;IntCal20;Font_Major_Dataciones.xlsx;;indirect_contextual;dates_archaeological_unit;include;;CDS_sup-4d;no;yes;no;no;Accepted as primary or near-primary anchor of the CDS-sup Iron Age phase, likely close to the source context in Sala del Llac.
Cova de la Font Major;FM;Sala del Llac;CDS_sup-4;UE12;Iron Age;high;;Beta-631278;14C;;charcoal;Unidentified;2340;30;14C_BP;IntCal20;Font_Major_Dataciones.xlsx;;indirect_contextual;dates_archaeological_unit;include;;CDS_sup-4e;no;yes;no;no;Accepted as primary or near-primary anchor of the CDS-sup Iron Age phase, likely close to the source context in Sala del Llac.
Cova de la Font Major;FM;Sala del Llac;CDS_sup-4;UE13;Iron Age;high;;Beta-579352;14C;;other;Pinus typus sylvestris wood;2460;30;14C_BP;IntCal20;Font_Major_Dataciones.xlsx;;indirect_contextual;dates_archaeological_unit;include;;CDS_sup-4f;no;yes;no;no;Accepted as primary or near-primary anchor of the CDS-sup Iron Age phase, likely close to the source context in Sala del Llac.
Cova Foradada;FO;;IIIn;;Gravettian;high;FO-003;OxA-24646;14C;;shell;H. sanguineum;26570;120;14C_BP;Marine20;Morales et al. 2019;;indirect_contextual;dates_archaeological_unit;include;;FO_IIIn;yes;yes;yes;yes;"Included in consolidated model for Unit IIIn; shell date calibrated with Marine20 and provisional ΔR; useful for the Gravettian unit but not direct human activity."
Cova Foradada;FO;Fo-IIIn-C6-141;IIIn;;Gravettian;high;FO-004;Beta-674118;14C;;shell;H. sanguineum;25830;110;14C_BP;Marine20;Morales et al. 2019;;indirect_contextual;dates_archaeological_unit;include;;FO_IIIn;yes;yes;yes;yes;"Included in consolidated model for Unit IIIn; shell date calibrated with Marine20 and provisional ΔR; useful for the Gravettian unit but not direct human activity."
Cova Foradada;FO;Fo13-D9-442;IIIc;;Early Aurignacian;medium;FO-005;Beta-378800;14C;AAA;charcoal;Juniperus;30220;180;14C_BP;IntCal20;Morales et al. 2019;;indirect_contextual;dates_archaeological_unit;include;;FO_IIIc;yes;yes;yes;yes;"Included in consolidated model for IIIc; AAA date retained after S4 showed only limited rejuvenation effect relative to ABOx-SC dates."
Cova Foradada;FO;Fo13-E8-2429b;IIIc;;Early Aurignacian;high;FO-006;OxA-34233;14C;ABOx-SC;charcoal;Pinus tipo sylvestris;33170;370;14C_BP;IntCal20;Morales et al. 2019;;indirect_contextual;dates_archaeological_unit;include;;FO_IIIc;yes;yes;yes;yes;"Included in consolidated model for IIIc; ABOx-SC replicate preferred over discordant AAA sub-sample of the same sample."
Cova Foradada;FO;Fo14-E8-2705b;IIIc;;Early Aurignacian;high;FO-007;OxA-34251;14C;ABOx-SC;charcoal;Juniperus;32050;550;14C_BP;IntCal20;Morales et al. 2019;;indirect_contextual;dates_archaeological_unit;include;;FO_IIIc;yes;yes;yes;yes;"Included in consolidated model for IIIc; ABOx-SC replicate preferred over discordant AAA sub-sample of the same sample."
Cova Foradada;FO;Fo-E8-IV-2782 a;IV-IV.1;;Chatelperronian;high;FO-009;OxA-X-2649-9;14C;ABOx-SC;charcoal;Pinus tipo sylvestris;34490;320;14C_BP;IntCal20;Morales et al. 2019;;indirect_contextual;dates_archaeological_unit;include;FO_FO-009;FO_IV-IV.1;yes;yes;yes;yes;"Included in consolidated model for IV-IV.1 through R_Combine of paired sub-samples from the same sample; keep grouped analytically to avoid overweighting."
Cova Foradada;FO;Fo-E8-IV-2782 b;IV-IV.1;;Chatelperronian;high;FO-009;Beta-435465;14C;AAA;charcoal;Pinus tipo sylvestris;34570;240;14C_BP;IntCal20;Morales et al. 2019;;indirect_contextual;dates_archaeological_unit;include;FO_FO-009;FO_IV-IV.1;yes;yes;yes;yes;"Included in consolidated model for IV-IV.1 through R_Combine of paired sub-samples from the same sample; keep grouped analytically to avoid overweighting."
Cova Foradada;FO;Fo-E8-IV-2795;IV-IV.1;;Chatelperronian;high;FO-010;OxA-X-2650-9;14C;ABOx-SC;charcoal;Conifera indet;34300;1000;14C_BP;IntCal20;Morales et al. 2019;;indirect_contextual;dates_archaeological_unit;doubtful;;FO_IV-IV.1;no;no;no;no;Included in consolidated model for IV-IV.1, but treated with elevated outlier prior because of analytical uncertainty and possible minimum-age effect.
Cova Foradada;FO;Fo-F8-IV1-3229;IIIc;;Early Aurignacian;low;FO-012;OxA-34250;14C;ABOx-SC;charcoal;Pinus tipo sylvestris;33050;400;14C_BP;IntCal20;Morales et al. 2019;;indirect_contextual;dates_archaeological_unit;doubtful;;FO_IIIc;yes;yes;yes;no;Chronologically usable and included in the consolidated model, but original SW Gallery attribution was IIIc/IV and final assignment to IIIc is model-preferred rather than stratigraphically secure.
Cova Foradada;FO;Fo-F8-IV1-3190;IIIc;;Early Aurignacian;low;FO-013;OxA-34232;14C;ABOx-SC;charcoal;Pinus tipo sylvestris;33050;350;14C_BP;IntCal20;Morales et al. 2019;;indirect_contextual;dates_archaeological_unit;doubtful;;FO_IIIc;yes;yes;yes;no;Chronologically usable and included in the consolidated model, but original SW Gallery attribution was IIIc/IV and final assignment to IIIc is model-preferred rather than stratigraphically secure.
Cova del Gegant;GE;I28;Ib2d;single individual;uncertain;uncertain;3;OxA-38902;14C;;tooth;Bos taurus;1818;19;14C_BP;IntCal20;Daura et al. 2021;;uncertain;mixed_or_uncertain;include;;GE_Ib2d_bos;no;no;no;no;"Secuencia local; fuera de subsets PM-PS."
Cova del Gegant;GE;G24;I;reworked human remain, used with XXV in model;Bronze Age;medium;4;Beta-312861;14C;A;tooth;Homo sapiens;3200;30;14C_BP;IntCal20;Daura et al. 2021;;direct;dates_human_activity;doubtful;;GE_XXV_burial;no;no;no;no;"Resto humano retrabajado; útil solo para secuencia."
Cova del Gegant;GE;GP1;X-XII;beach shell remnant;uncertain;uncertain;5;Beta-257583;14C;A;shell;Donax trunculus;1420;40;14C_BP;Marine20;Daura et al. 2021;;sedimentary_non_human;sedimentary_context;doubtful;;GE_holocene_beach_remnant;no;no;no;no;"Remanente holoceno de playa/cueva; solo contexto."
Cova del Gegant;GE;H27-H28;XXV;collective burial;Bronze Age;high;8;POZ-83482;14C;;tooth;Homo sapiens;3310;35;14C_BP;IntCal20;Daura et al. 2021;;direct;dates_human_activity;include;;GE_XXV_burial;no;no;no;no;"Enterramiento Bronce; solo secuencia local."
Cova del Gegant;GE;I23-I24;XXV;collective burial, individual 17;Bronze Age;high;9;Beta-312860;14C;;tooth;Homo sapiens;3270;30;14C_BP;IntCal20;Daura et al. 2021;;direct;dates_human_activity;include;;GE_XXV_burial;no;no;no;no;"Enterramiento Bronce; solo secuencia local."
Cova del Gegant;GE;H27;XXV;collective burial, individuals 5/6/7;Bronze Age;high;10;OxA-29612;14C;;tooth;Homo sapiens;3225;27;14C_BP;IntCal20;Daura et al. 2021;;direct;dates_human_activity;include;;GE_XXV_burial;no;no;no;no;"Enterramiento Bronce; colágeno bajo; solo secuencia."
Cova del Gegant;GE;I27;II;scattered charcoal;EUP;low;11;OxA-37526;14C;ABOX;charcoal;Pinus t. sylvestris;27190;190;14C_BP;IntCal20;Daura et al. 2021;;indirect_contextual;dates_archaeological_unit;include;;GE_II;yes;yes;yes;no;"Layer II aceptada; tensión leve."
Cova del Gegant;GE;H28;II;EC7 / II base;EUP;low;12;MAMS-30078;14C;ABOX;charcoal;Pinus t. sylvestris;26060;110;14C_BP;IntCal20;Daura et al. 2021;;indirect_contextual;dates_archaeological_unit;include;;GE_II;yes;yes;yes;no;Base segura de II (EC7).
Cova del Gegant;GE;H28;II;EC7 / II base;EUP;low;13;MAMS-31226;14C;ABOX;charcoal;Pinus t. sylvestris;26310;110;14C_BP;IntCal20;Daura et al. 2021;;indirect_contextual;dates_archaeological_unit;include;;GE_II;yes;yes;yes;no;Base segura de II (EC7).
Cova del Gegant;GE;G23;III;IIIa2 scattered charcoal;EUP;low;19;Beta-293595;14C;ABA;charcoal;Pinus t. sylvestris;28530;240;14C_BP;IntCal20;Daura et al. 2021;;indirect_contextual;dates_archaeological_unit;include;;GE_III;yes;yes;yes;no;Layer III aceptada.
Cova del Gegant;GE;G28;IV;scattered charcoal;UP;low;22;OxA-37527;14C;ABOX;charcoal;Juniperus sp.;34590;340;14C_BP;IntCal20;Daura et al. 2021;;indirect_contextual;dates_archaeological_unit;include;;GE_IV;yes;yes;yes;no;Layer IV aceptada.
Cova del Gegant;GE;H28;IV;EC10;UP;low;23;OxA-X-2782-13;14C;ABOX;charcoal;Conifera indet.;34800;1000;14C_BP;IntCal20;Daura et al. 2021;;indirect_contextual;dates_archaeological_unit;include;;GE_IV;yes;yes;yes;no;Layer IV EC10 aceptada.
Cova del Gegant;GE;H28;IV;scattered charcoal;UP;low;24;OxA-37528;14C;ABOX;charcoal;Juniperus sp.;36060;390;14C_BP;IntCal20;Daura et al. 2021;;indirect_contextual;dates_archaeological_unit;include;;GE_IV;yes;yes;yes;no;Layer IV aceptada.
Cova del Gegant;GE;GP2;II;base;EUP;low;27;CG12-1;OSL;;sediment;;32400;1900;BP;;Daura et al. 2021;;indirect_contextual;dates_archaeological_unit;include;;GE_II;no;yes;yes;no;"OSL base II; constricción contextual."
Cova del Gegant;GE;GP2;II-III;EC7 / transition between II and III;EUP;low;28;CG17-1;OSL;;sediment;;35300;2400;BP;;Daura et al. 2021;;indirect_contextual;dates_archaeological_unit;include;;GE_III;no;yes;yes;no;"OSL transición II/III; constricción contextual."
Cova del Gegant;GE;GP2;XXIV;sediment;UP;low;29;MAD-5929;IRSL;;sediment;;36000;2500;BP;;Daura et al. 2021;;indirect_contextual;dates_archaeological_unit;include;;GE_XXIV;no;yes;yes;no;"XXIV contextual; útil para secuencia."
Cova del Gegant;GE;GP2;XXIV;sediment;UP;low;30;CG17-4;OSL;;sediment;;39700;2700;BP;;Daura et al. 2021;;indirect_contextual;dates_archaeological_unit;include;;GE_XXIV;no;yes;yes;no;"XXIV contextual; útil para secuencia."
Cova del Gegant;GE;GL1;XVb;sediment;MP;medium;31;MAD-5642;IRSL;;sediment;;60100;3900;BP;;Daura et al. 2021;;indirect_contextual;dates_archaeological_unit;doubtful;;GE_GL1_MP;no;yes;yes;yes;"GL1/XVb contextual; fuera del baseline final."
Cova del Gegant;GE;GP2;IV;sediment;UP;low;32;CG12-2;OSL;;sediment;;44400;3100;BP;;Daura et al. 2021;;indirect_contextual;dates_archaeological_unit;include;;GE_IV;no;yes;yes;no;OSL Layer IV contextual.
Cova del Gegant;GE;GP1;Va;sediment;MP;medium;33;MAD-5643;IRSL;;sediment;;55700;4800;BP;;Daura et al. 2021;;indirect_contextual;dates_archaeological_unit;include;;GE_Va;no;yes;yes;yes;"MP contextual; retenida en baseline."
Cova del Gegant;GE;GP2;Va;sediment;MP;medium;34;MAD-5928;IRSL;;sediment;;58400;4100;BP;;Daura et al. 2021;;indirect_contextual;dates_archaeological_unit;include;;GE_Va;no;yes;yes;yes;"MP contextual; retenida en baseline."
Cova del Gegant;GE;GP2;Va;sediment;MP;medium;35;CG12-3;OSL;;sediment;;58800;4500;BP;;Daura et al. 2021;;indirect_contextual;dates_archaeological_unit;include;;GE_Va;no;yes;yes;yes;"MP contextual; retenida en baseline."
Cova del Gegant;GE;GP2;Vf;sediment;MP;high;36;MAD-5947/R;IRSL;;sediment;;69300;4800;BP;;Daura et al. 2021;;indirect_contextual;dates_archaeological_unit;include;;GE_Vf;no;yes;yes;yes;"MP contextual; retenida en baseline."
Cova del Gegant;GE;GP2;Vg;sediment;MP;medium;37;CG12-4;OSL;;sediment;;77200;6100;BP;;Daura et al. 2021;;indirect_contextual;dates_archaeological_unit;include;;GE_Vg;no;yes;yes;yes;"MP contextual; retenida en baseline."
Cova del Gegant;GE;GP2;XXX;basal breccia adhered to bedrock;uncertain;uncertain;38;CG17-2;OSL;;sediment;;145000;14000;BP;;Daura et al. 2021;;sedimentary_non_human;sedimentary_context;include;;GE_XXX;no;yes;no;no;"Ancla basal; corregido mismatch #38/#39."
Cova del Gegant;GE;GL1;XVa;flowstone capping GL1 (GEG1.1);MP;low;40a;UEVA 1028;U-Series;;carbonate;flowstone carbonate;47110;605;BP;;Daura et al. 2021;;stratigraphic_bracket;lower_bracket;include;GE_sample_40;GE_GL1_MP;no;yes;no;no;Bracket inferior GL1 MP.
Cova del Gegant;GE;GL1;XVa;flowstone capping GL1 (GEG1.2);MP;low;40b;UEVA 1029;U-Series;;carbonate;flowstone carbonate;44510;210;BP;;Daura et al. 2021;;stratigraphic_bracket;lower_bracket;include;GE_sample_40;GE_GL1_MP;no;yes;no;no;Bracket inferior GL1 MP.
Cova del Gegant;GE;G26;II;calcite crust on top of II (GEG2.1);UP;low;41a;UEVA 1030;U-Series;;carbonate;calcite crust;650;30;BP;;Daura et al. 2021;;stratigraphic_bracket;upper_bracket;include;GE_sample_41;GE_II;no;yes;no;no;Bracket superior de Layer II.
Cova del Gegant;GE;G26;II;calcite crust on top of II (GEG2.2);UP;low;41b;UEVA 1031;U-Series;;carbonate;calcite crust;1;75;BP;;Daura et al. 2021;;stratigraphic_bracket;upper_bracket;doubtful;GE_sample_41;GE_II;no;yes;no;no;"Bracket superior de Layer II; casi moderno."
Cova del Gegant;GE;F23;IIIa;bedrock speleothem below infill (GEG3.1);uncertain;uncertain;42a;UEVA 1032;U-Series;;carbonate;bedrock speleothem carbonate;538000;56000;BP;;Daura et al. 2021;;sedimentary_non_human;lower_bracket;include;GE_sample_42;GE_bedrock_speleothem;no;yes;no;no;"Máximo amplio de la secuencia; no humano."
Cova del Gegant;GE;F23;IIIa;bedrock speleothem below infill (GEG3.2);uncertain;uncertain;42b;UEVA 1033;U-Series;;carbonate;bedrock speleothem carbonate;489000;21250;BP;;Daura et al. 2021;;sedimentary_non_human;lower_bracket;include;GE_sample_42;GE_bedrock_speleothem;no;yes;no;no;"Máximo amplio de la secuencia; no humano."
Cova del Gegant;GE;GP1;Va;flowstone on Va (GEG4.1);MP;low;43a;UEVA 1035;U-Series;;carbonate;flowstone carbonate;56850;860;BP;;Daura et al. 2021;;stratigraphic_bracket;upper_bracket;include;GE_sample_43;GE_Va;no;yes;no;no;Bracket superior de Va/V.
Cova del Gegant;GE;GP1;Va;flowstone on Va (GEG4.2);MP;low;43b;UEVA 1036;U-Series;;carbonate;flowstone carbonate;57450;750;BP;;Daura et al. 2021;;stratigraphic_bracket;upper_bracket;include;GE_sample_43;GE_Va;no;yes;no;no;Bracket superior de Va/V.
Cova del Gegant;GE;GL-T;V;flowstone sealing V (subsample #1);MP;low;44a;UEVA 1319;U-Series;;carbonate;flowstone carbonate;56980;135;BP;;Daura et al. 2021;;stratigraphic_bracket;upper_bracket;include;GE_sample_44;GE_V;no;yes;no;no;Bracket superior de V.
Cova del Gegant;GE;GL-T;V;flowstone sealing V (subsample #2);MP;low;44b;UEVA 1320;U-Series;;carbonate;flowstone carbonate;55800;120;BP;;Daura et al. 2021;;stratigraphic_bracket;upper_bracket;include;GE_sample_44;GE_V;no;yes;no;no;Bracket superior de V.
La Griera;GR;I0-IIa-69;II;;UP;low;GR-004;Beta-493572;14C;AAA;charcoal;Pinus tipo sylvestris;22350;90;14C_BP;IntCal20;Morales et al. 2025;;indirect_contextual;dates_archaeological_unit;include;;GR_II;yes;yes;yes;no;"Fecha principal aceptada para el nivel II; útil para secuencia local y presencia humana, pero la adscripción cultural sigue siendo demasiado imprecisa para el subconjunto cultural."
La Griera;GR;Gr15-II-G1-2130;IIa;;Late Aurignacian;high;GR-008;OxA-34305;14C;ABOx-SC;charcoal;Pinus tipo sylvestris;30860;260;14C_BP;IntCal20;Morales et al. 2025;;indirect_contextual;dates_archaeological_unit;include;;GR_IIa;yes;yes;yes;yes;"Fecha 14C robusta del nivel IIa; ancla principal del Auriñaciense evolucionado/Late Aurignacian en La Griera."
La Griera;GR;Gr-III-H5-365;IIa;;Late Aurignacian;high;GR-009;R-EVA-2037;14C;;bone;;28670;130;14C_BP;IntCal20;Morales et al. 2025;;indirect_contextual;dates_archaeological_unit;include;;GR_IIa;yes;yes;yes;yes;"Determinación válida y coherente dentro del paquete cronológico de IIa; útil para presencia humana y subconjunto cultural."
La Griera;GR;Gr-III-I5-7;IIa;;Late Aurignacian;high;GR-010;R-EVA-2043;14C;;bone;;31310;160;14C_BP;IntCal20;Morales et al. 2025;;indirect_contextual;dates_archaeological_unit;include;;GR_IIa;yes;yes;yes;yes;"Determinación válida y coherente dentro del paquete cronológico de IIa; útil para presencia humana y subconjunto cultural."
La Griera;GR;GR22-F2-;IIb;base;MP;medium;GR-011;GR22-OSL-01;OSL;;sediment;;52000;4000;BP;;unpublished;2022;stratigraphic_bracket;lower_bracket;include;;GR_IIb_base;no;yes;no;no;"OSL aceptada bajo IIb; entra solo como bracket inferior indirecto del último PM y no como evidencia directa de presencia humana."
La Griera;GR;GR22-E4;III.2;top;MP;high;GR-014;GR22-OSL-02;OSL;;sediment;;66000;4000;BP;;unpublished;2022;indirect_contextual;dates_archaeological_unit;include;;GR_III2;no;yes;yes;yes;"OSL aceptada para el techo de III.2; constriñe una unidad arqueológica musteriense útil para las bases mixta, de presencia y cultural."
La Griera;GR;Gr17-III-H2-1956;III.2;base;MP;high;GR-015;GR17-OSL-01;OSL;;sediment;;69490;3990;BP;;unpublished;2017;indirect_contextual;dates_archaeological_unit;include;;GR_III2;no;yes;yes;yes;"OSL aceptada para la base de III.2; constriñe una unidad arqueológica musteriense útil para las bases mixta, de presencia y cultural."
La Griera;GR;Gr17-III-H3-1156;III.3;top;MP;high;GR-016;GR17-OSL-02;OSL;;sediment;;83220;4730;BP;;unpublished;2017;indirect_contextual;dates_archaeological_unit;include;;GR_III3;no;yes;yes;yes;"OSL aceptada para III.3; útil como constricción cronológica de una unidad arqueológica musteriense."
La Griera;GR;Gr17-III-E7-1284;IV.3;;MP;high;GR-017;GR17-OSL-03;OSL;;sediment;;105490;8390;BP;;unpublished;2017;indirect_contextual;dates_archaeological_unit;include;;GR_IV3;no;yes;yes;yes;"OSL aceptada para IV.3; útil como constricción cronológica de una unidad arqueológica musteriense."
La Griera;GR;Gr17-V-E7-1286;V;;MP;high;GR-018;GR17-OSL-04;OSL;;sediment;;148120;9170;BP;;unpublished;2017;indirect_contextual;dates_archaeological_unit;include;;GR_V;no;yes;yes;yes;"OSL aceptada para V; útil como constricción cronológica de una unidad arqueológica musteriense, con cautela porque la unidad profunda se apoya en una sola OSL."
Teixoneres;TX;Chamber X;II;anthropogenic;uncertain;uncertain;J12 n°8;MAMS-17600;14C;ultrafiltration;bone;Cervus elaphus;36850;211;14C_BP;IntCal20;Talamo et al. 2016;;direct;dates_human_activity;include;;TX_Chamber_X_II;yes;yes;yes;no;"Direct human-modified bone from Unit II; useful for local sequence and human presence, but not for cultural subset because Unit II is culturally uncertain."
Teixoneres;TX;Chamber X;II;;uncertain;uncertain;K15 n°32;MAMS-17607;14C;ultrafiltration;bone;Large size;34940;173;14C_BP;IntCal20;Talamo et al. 2016;;uncertain;mixed_or_uncertain;include;;TX_Chamber_X_II;yes;yes;no;no;"Unmodified bone retained as local sequence constraint in Unit II; not used for human-presence or cultural subsets."
Teixoneres;TX;Chamber X;II;anthropogenic;uncertain;uncertain;K14 n°58;MAMS-18668;14C;ultrafiltration;bone;Small size;39000;260;14C_BP;IntCal20;Talamo et al. 2016;;direct;dates_human_activity;include;;TX_Chamber_X_II;yes;yes;yes;no;"Direct human-modified bone from Unit II; useful for local sequence and human presence, but not for cultural subset because Unit II is culturally uncertain."
Teixoneres;TX;Chamber X;II;anthropogenic;uncertain;uncertain;K16 n°26;MAMS-18669;14C;ultrafiltration;bone;Cervus elaphus;40800;320;14C_BP;IntCal20;Talamo et al. 2016;;direct;dates_human_activity;include;;TX_Chamber_X_II;yes;yes;yes;no;"Direct human-modified bone from Unit II; useful for local sequence and human presence, but not for cultural subset because Unit II is culturally uncertain."
Teixoneres;TX;Chamber X;II;;uncertain;uncertain;K12 n°33;MAMS-17601;14C;ultrafiltration;bone;Medium size;39320;263;14C_BP;IntCal20;Talamo et al. 2016;;uncertain;mixed_or_uncertain;include;;TX_Chamber_X_II;yes;yes;no;no;"Unmodified bone retained as local sequence constraint in Unit II; not used for human-presence or cultural subsets."
Teixoneres;TX;Chamber X;II;;uncertain;uncertain;J12 n°85;MAMS-17608;14C;ultrafiltration;bone;Medium size;34900;175;14C_BP;IntCal20;Talamo et al. 2016;;uncertain;mixed_or_uncertain;include;;TX_Chamber_X_II;yes;yes;no;no;"Unmodified bone retained as local sequence constraint in Unit II; not used for human-presence or cultural subsets."
Teixoneres;TX;Chamber X;III;anthropogenic;MP;high;N10 n°122;MAMS-18671;14C;ultrafiltration;bone;Cervus elaphus;47200;670;14C_BP;IntCal20;Talamo et al. 2016;;direct;dates_human_activity;doubtful;;TX_Chamber_X_III;no;no;no;no;"Direct human-modified bone from MP Unit III; retained as doubtful because it lies near the 14C limit and shows low individual agreement."
Teixoneres;TX;Chamber X;III;anthropogenic;MP;high;L15 n°22;MAMS-18672;14C;ultrafiltration;bone;Medium size;42020;340;14C_BP;IntCal20;Talamo et al. 2016;;direct;dates_human_activity;include;;TX_Chamber_X_III;yes;yes;yes;yes;"Direct human-modified bone from MP Unit III; useful for local sequence, human presence and cultural subset."
Teixoneres;TX;Chamber X;III;anthropogenic;MP;high;O11 n°125;MAMS-18673;14C;ultrafiltration;bone;Cervus elaphus;41060;345;14C_BP;IntCal20;Talamo et al. 2016;;direct;dates_human_activity;include;;TX_Chamber_X_III;yes;yes;yes;yes;"Direct human-modified bone from MP Unit III; useful for local sequence, human presence and cultural subset."
Teixoneres;TX;Chamber X;III;;MP;high;J18 n°26;MAMS-17609;14C;ultrafiltration;bone;Unidentified;42250;359;14C_BP;IntCal20;Talamo et al. 2016;;indirect_contextual;dates_archaeological_unit;include;;TX_Chamber_X_III;yes;yes;no;no;"Unmodified bone retained as sequence constraint within MP Unit III; excluded from human-presence and cultural subsets on conservative grounds."
Teixoneres;TX;Chamber X;III;;MP;high;K11 n°61;MAMS-17603;14C;ultrafiltration;bone;Medium size;41270;327;14C_BP;IntCal20;Talamo et al. 2016;;indirect_contextual;dates_archaeological_unit;include;;TX_Chamber_X_III;yes;yes;no;no;"Unmodified bone retained as sequence constraint within MP Unit III; excluded from human-presence and cultural subsets on conservative grounds."
Teixoneres;TX;Chamber X;III;;MP;high;K12 n°40;MAMS-17604;14C;ultrafiltration;bone;Medium size;41560;337;14C_BP;IntCal20;Talamo et al. 2016;;indirect_contextual;dates_archaeological_unit;include;;TX_Chamber_X_III;yes;yes;no;no;"Unmodified bone retained as sequence constraint within MP Unit III; excluded from human-presence and cultural subsets on conservative grounds."
